{
  "meta_title": "",
  "meta_description": "",
  "sections": [
    {
      "type": "custom-html",
      "html": "<meta name=\"facebook-domain-verification\" content=\"561gyuvna72afhy70ppcrmunxres07\" />"
    },
    {
      "type": "banner-slider",
      "autoplay": 9000,
      "full_width": false,
      "slides": []
    },
    {
      "type": "info-bar",
      "enabled": true
    },
    {
      "type": "dynamic-showcase",
      "load_more": true,
      "sort": "sales"
    },
    {
      "type": "collection-shelf",
      "shuffle": true,
      "collection_id": "623f0ad62e405e04fffe8f4d:categories:Ana Bela:/ana-bela",
      "sort": null,
      "title": "",
      "headless": false,
      "limit": 12,
      "page": 1
    },
    {
      "type": "collection-shelf",
      "shuffle": false,
      "limit": 12,
      "page": 1,
      "collection_id": "629ded2bac0cb4200f05ac51:categories:Tênis:/tenis"
    }
  ]
}